{"weekend": [{"isOnWeekend": true, "mean_fare": 12.266035307832437, "Q25": 6.5, "median": 9.5, "Q75": 14.0}, {"isOnWeekend": false, "mean_fare": 12.38428616722948, "Q25": 6.5, "median": 9.5, "Q75": 14.0}], "tip": [{"isTipAmountGreat": true, "mean_fare": 12.766460849072496, "Q25": 7.0, "median": 9.5, "Q75": 14.5}, {"isTipAmountGreat": false, "mean_fare": 11.961345704298802, "Q25": 6.5, "median": 9.0, "Q75": 13.5}], "rushhour": [{"isInRushHour": true, "mean_fare": 12.528633713794946, "Q25": 6.5, "median": 9.0, "Q75": 14.0}, {"isInRushHour": false, "mean_fare": 12.240609801008544, "Q25": 6.5, "median": 9.5, "Q75": 14.0}]}